λf,share_teachers_female,κ,share_teachers_male,γ,p90_p10_ω_teachers,θ,p90_p10_w_other,η,α,h_T_avg_female,h_T_avg_male,H_T_total_female,H_T_total_male,H_T_total_all
0.58,0.0359,1.285,0.0127,0.83,8.96,1.476,10.06,0.103,1.0,,,,,
0.55,0.0439,1.4,0.0143,0.83,9.08,1.476,10.06,0.103,1.0,,,,,
0.475,0.0663,1.6,0.0172,0.83,9.33,1.476,10.04,0.103,1.0,,,,,
0.4,0.1002,1.8,0.0201,0.83,9.41,1.476,10.01,0.103,1.0,,,,,
0.3,0.1713,2.0,0.0229,0.83,8.89,1.476,9.95,0.103,1.0,,,,,
0.2,0.2902,2.0,0.022,0.83,8.56,1.476,9.84,0.103,1.0,,,,,
0.4,0.1148,2.0,0.0235,0.83,9.24,1.476,10.0,0.103,1.0,,,,,
0.5,0.0836,2.0,0.0241,0.83,9.28,1.476,10.02,0.103,1.0,,,,,
0.6,0.0632,2.0,0.0246,0.83,8.8,1.476,10.04,0.103,1.0,,,,,
0.7,0.0497,2.0,0.025,0.83,8.41,1.476,10.04,0.103,1.0,,,,,
0.8,0.0403,2.0,0.0254,0.83,8.13,1.476,10.05,0.103,1.0,,,,,
0.9,0.0333,2.0,0.0257,0.83,7.95,1.476,10.05,0.103,1.0,,,,,
0.9,0.0346,2.05,0.0267,0.83,7.94,1.476,10.05,0.103,1.0,,,,,
0.9,0.0338,2.02,0.0261,0.83,7.94,1.476,10.05,0.103,1.0,,,,,
0.9,0.0337,2.015,0.026,0.83,7.94,1.476,10.05,0.103,1.0,,,,,
0.905,0.0334,2.015,0.026,0.83,7.94,1.476,10.05,0.103,1.0,,,,,
0.895,0.034,2.015,0.026,0.83,7.95,1.476,10.05,0.103,1.0,,,,,
0.895,0.034,2.015,0.026,0.83,7.95,1.476,10.05,0.103,1.0,,,,,
0.895,0.034,2.015,0.026,0.83,7.95,1.476,10.05,0.103,1.0,,,,,
0.895,0.034,2.015,0.026,0.83,7.95,1.476,10.05,0.103,1.0,,,,,
0.895,0.034,2.015,0.026,0.83,7.95,1.476,10.05,0.103,1.0,,,,,
0.895,0.034,2.015,0.026,0.83,7.95,1.476,10.05,0.103,1.0,,,,,
0.895,0.034,2.015,0.026,0.83,7.95,1.476,10.05,0.103,1.0,,,,,
0.895,0.034,2.015,0.026,0.83,7.95,1.476,10.05,0.103,1.0,,,,,
0.537,0.0638,1.78,0.0204,0.83,9.09,1.476,10.04,0.103,1.0,,,,,
0.537,0.0637,1.78,0.0204,0.83,9.09,1.476,10.04,0.103,1.0,,,,,
0.537,0.0637,1.78,0.0204,0.83,9.09,1.476,10.04,0.103,1.0,,,,,
0.895,0.034,2.015,0.026,0.83,7.95,1.476,10.05,0.103,1.0,,,,,
0.895,0.034,2.015,0.026,0.83,7.95,1.476,10.05,0.103,1.0,,,,,
0.895,0.034,2.015,0.026,0.83,7.95,1.476,10.05,0.103,1.0,,,,,
0.895,0.034,2.015,0.026,0.83,7.95,1.476,10.05,0.103,1.0,,,,,
0.895,0.034,2.015,0.026,0.83,7.95,1.476,10.05,0.103,1.0,,,,,
0.895,0.034,2.015,0.026,0.83,7.95,1.476,10.05,0.103,1.0,,,,,
0.895,0.034,1.735,0.026,0.83,7.95,1.476,10.05,0.103,1.0,,,,,
0.895,0.034,1.735,0.026,0.83,7.95,1.476,10.05,0.103,1.0,,,,,
0.537,0.4903,1.538,0.2339,0.83,7.25,1.476,9.44,0.103,1.0,,,,,
0.537,0.4761,1.538,0.2353,0.83,7.22,1.476,9.52,0.103,1.0,,,,,
0.537,0.5377,1.538,0.2339,0.83,7.31,1.476,9.35,0.103,1.0,,,,,
0.537,0.5395,1.538,0.2337,0.83,7.31,1.476,9.27,0.103,1.0,,,,,
0.537,0.5158,1.538,0.2343,0.83,7.27,1.476,9.34,0.103,1.0,,,,,
0.537,0.4409,1.25,0.1797,0.83,7.53,1.476,9.59,0.103,1.0,,,,,
0.537,0.2641,0.75,0.0912,0.83,8.03,1.476,9.99,0.103,1.0,,,,,
0.537,0.1203,0.4,0.0371,0.83,8.65,1.476,10.09,0.103,1.0,,,,,
0.537,0.0306,0.15,0.0085,0.83,8.76,1.476,10.11,0.103,1.0,,,,,
0.6,0.0388,0.2,0.0134,0.83,8.65,1.476,10.1,0.103,1.0,,,,,
0.75,0.0488,0.3,0.0252,0.83,8.17,1.476,10.09,0.103,1.0,,,,,
0.85,0.0379,0.29,0.0243,0.83,7.85,1.476,10.09,0.103,1.0,,,,,
0.87,0.0356,0.285,0.0237,0.83,7.8,1.476,10.09,0.103,1.0,,,,,
0.865,0.0364,0.2875,0.024,0.83,7.81,1.476,10.09,0.103,1.0,,,,,
0.866,0.0363,0.2875,0.024,0.83,7.81,1.476,10.09,0.103,1.0,,,,,
0.868,0.0362,0.2875,0.024,0.83,7.81,1.476,10.09,0.103,1.0,,,,,
0.872,0.0359,0.2875,0.024,0.83,7.8,1.476,10.09,0.103,1.0,,,,,
0.871,0.036,0.2875,0.024,0.83,7.8,1.476,10.09,0.103,1.0,,,,,
0.871,0.0358,0.2875,0.0236,0.83,7.69,1.476,10.07,0.103,1.0,,,,,
0.871,0.0359,0.2875,0.0236,0.83,7.7,1.476,10.07,0.103,1.0,,,,,
0.872,0.0361,0.2885,0.0238,0.83,7.7,1.476,10.06,0.103,1.0,,,,,
0.874,0.0362,0.2895,0.024,0.83,7.69,1.476,10.06,0.103,1.0,,,,,
0.877,0.0361,0.2895,0.024,0.83,7.69,1.476,10.06,0.103,1.0,,,,,
0.879,0.036,0.2895,0.024,0.83,7.69,1.476,10.06,0.103,1.0,,,,,
0.879,0.036,0.2895,0.024,0.83,7.69,1.476,10.06,0.103,1.0,,,,,
0.602,0.0305,0.169,0.0102,0.83,8.41,1.476,10.08,0.103,1.0,,,,,
0.879,0.036,0.2895,0.024,0.83,7.69,1.476,10.06,0.103,1.0,,,,,
0.879,0.036,0.2895,0.024,0.83,7.69,1.476,10.06,0.103,1.0,,,,,
0.879,0.036,0.2895,0.024,0.83,7.69,1.476,10.06,0.103,1.0,,,,,
0.879,0.036,0.2895,0.024,0.83,7.69,1.476,10.06,0.103,1.0,,,,,
0.879,0.036,0.2895,0.024,0.83,7.69,1.476,10.06,0.103,1.0,,,,,
0.879,0.036,0.2895,0.024,0.83,7.69,1.476,10.06,0.103,1.0,,,,,
0.879,0.036,0.2895,0.024,0.83,7.69,1.476,10.06,0.103,1.0,,,,,
0.879,0.0362,0.2895,0.0239,0.83,7.55,1.476,9.99,0.103,1.0,,,,,
0.879,0.0362,0.2895,0.0239,0.83,7.55,1.476,9.99,0.103,1.0,,,,,
0.879,0.0362,0.2895,0.0239,0.83,7.55,1.476,9.99,0.103,1.0,,,,,
0.879,0.0362,0.2895,0.0239,0.83,7.55,1.476,9.99,0.103,1.0,,,,,
0.9,0.0366,0.3,0.0252,0.83,7.52,1.476,9.99,0.103,1.0,,,,,
0.95,0.0347,0.307,0.0263,0.83,7.45,1.476,9.99,0.103,1.0,,,,,
0.95,0.0344,0.305,0.026,0.83,7.44,1.476,9.99,0.103,1.0,,,,,
0.965,0.0335,0.305,0.0261,0.83,7.42,1.476,9.99,0.103,1.0,,,,,
0.958,0.0339,0.305,0.026,0.83,7.43,1.476,9.99,0.103,1.0,,,,,
0.957,0.034,0.305,0.026,0.83,7.43,1.476,9.99,0.103,1.0,,,,,
0.957,0.034,0.305,0.026,0.83,7.43,1.476,9.99,0.103,1.0,,,,,
0.957,0.034,0.305,0.026,0.83,7.43,1.476,9.99,0.103,1.0,,,,,
0.957,0.034,0.305,0.026,0.83,7.43,1.476,9.99,0.103,1.0,,,,,
0.957,0.034,0.305,0.026,0.83,7.43,1.476,9.99,0.103,1.0,,,,,
0.957,0.0175,0.142,0.0345,0.83,7.74,1.476,9.99,0.103,1.0,,,,,
0.957,0.0056,0.0656,0.0115,0.83,6.79,1.476,10.02,0.103,1.0,,,,,
0.957,0.0176,0.1423,0.0346,0.83,7.74,1.476,9.99,0.103,1.0,,,,,
0.957,0.0176,0.1423,0.0346,0.83,7.74,1.476,9.99,0.103,1.0,,,,,
0.957,0.0176,0.1423,0.0346,0.83,7.74,1.476,9.99,0.103,1.0,,,,,
0.957,0.0526,0.305,0.0982,0.83,7.94,1.476,9.9,0.103,1.0,,,,,
0.957,0.0176,0.1423,0.0346,0.83,7.74,1.476,9.99,0.103,1.0,,,,,
0.957,0.0056,0.0657,0.0115,0.83,6.8,1.476,10.02,0.103,1.0,,,,,
0.599,0.0373,0.2084,0.0319,0.83,7.43,1.476,9.98,0.103,1.0,,,,,
0.61,0.0354,0.202,0.0313,0.83,7.41,1.476,9.99,0.103,1.0,,,,,
0.61,0.032,0.1882,0.0283,0.83,7.37,1.476,9.99,0.103,1.0,,,,,
0.6,0.0312,0.1836,0.0267,0.83,7.37,1.476,9.99,0.103,1.0,,,,,
0.58,0.032,0.1849,0.0259,0.83,7.39,1.476,9.99,0.103,1.0,,,,,
0.62,0.0288,0.1755,0.0262,0.83,7.33,1.476,9.99,0.103,1.0,,,,,
0.62,0.0288,0.176,0.0262,0.83,7.33,1.476,9.99,0.103,1.0,,,,,
0.62,0.0281,0.2648,0.0255,0.83,7.31,1.476,10.0,0.103,1.0,,,,,
0.957,0.0167,0.3027,0.033,0.83,7.71,1.476,9.99,0.103,1.0,,,,,
0.957,0.0167,0.305,0.033,0.83,7.71,1.476,9.99,0.103,1.0,,,,,
0.957,0.0167,0.305,0.033,0.83,7.71,1.476,9.99,0.103,1.0,,,,,
0.8,0.0226,0.3062,0.0322,0.83,7.44,1.476,9.99,0.103,1.0,,,,,
0.6,0.0363,0.3076,0.0311,0.83,7.42,1.476,9.98,0.103,1.0,,,,,
0.6,0.0363,0.305,0.0312,0.83,7.42,1.476,9.98,0.103,1.0,,,,,
0.65,0.0319,0.3041,0.0315,0.83,7.37,1.476,9.99,0.103,1.0,,,,,
0.7,0.0282,0.3043,0.0317,0.83,7.36,1.476,9.99,0.103,1.0,,,,,
0.7,0.0282,0.305,0.0317,0.83,7.36,1.476,9.99,0.103,1.0,,,,,
0.6,0.036,0.3446,0.0309,0.83,7.42,1.476,9.99,0.103,1.0,,,,,
0.6,0.0363,0.3054,0.0312,0.83,7.42,1.476,9.98,0.103,1.0,,,,,
0.6,0.0355,0.2998,0.0304,0.83,7.42,1.476,9.99,0.103,1.0,,,,,
0.6,0.0346,0.2948,0.0297,0.83,7.41,1.476,9.99,0.103,1.0,,,,,
0.6,0.0346,0.295,0.0297,0.83,7.41,1.476,9.99,0.103,1.0,,,,,
0.6,0.0338,0.2898,0.029,0.83,7.4,1.476,9.99,0.103,1.0,,,,,
0.59,0.033,0.2834,0.0274,0.83,7.39,1.476,9.99,0.103,1.0,,,,,
0.58,0.0321,0.2733,0.026,0.83,7.39,1.476,9.99,0.103,1.0,,,,,
0.57,0.0331,0.2737,0.0259,0.83,7.41,1.476,9.99,0.103,1.0,,,,,
0.56,0.034,0.2737,0.0258,0.83,7.44,1.476,9.99,0.103,1.0,,,,,
0.56,0.0341,0.27,0.0259,0.83,7.44,1.476,9.99,0.103,1.0,,,,,
0.559,0.0343,0.2714,0.026,0.83,7.44,1.476,9.99,0.103,1.0,,,,,
0.56,0.0343,0.2706,0.026,0.83,7.44,1.476,9.99,0.103,1.0,,,,,
0.561,0.0342,0.2706,0.026,0.83,7.44,1.476,9.99,0.103,1.0,,,,,
0.563,0.034,0.2703,0.026,0.83,7.43,1.476,9.99,0.103,1.0,,,,,
0.563,0.0203,0.1883,0.0154,0.83,7.12,1.476,10.01,0.103,1.0,,,,,
0.563,0.0338,0.2727,0.0259,0.83,7.43,1.476,9.99,0.103,1.0,,,,,
0.563,0.0338,0.2703,0.0259,0.83,7.43,1.476,9.99,0.103,1.0,,,,,
0.563,0.0339,0.2707,0.026,0.83,7.43,1.476,9.99,0.103,1.0,,,,,
0.563,0.0339,0.2708,0.026,0.83,7.43,1.476,9.99,0.103,1.0,,,,,
0.563,0.0339,0.2708,0.026,0.83,7.43,1.476,9.99,0.103,1.0,,,,,
0.563,0.0339,0.2708,0.026,0.83,7.43,1.476,9.99,0.103,1.0,0.523622,0.607031,0.004443,0.003944,0.008387
